Epoch,hidden num,Data Argu,train Acc,test Acc
50,100,False,0.9593833088874817,0.8860999941825867
50,100,True,0.8851000070571899,0.7493000030517578
